,name,party,district,district_no,state_abb,number_first_votes,percent_first_votes,seat_number,attr_second_votes
0,Achim Jürgen Post,SPD,Minden-Lübbecke I,134.0,NW,58168.0,38.390665,13.0,57605.0
1,Adis Ahmetovic,SPD,Stadt Hannover I,41.0,NI,44538.0,34.883338,29.0,51672.0
2,Agnes Monika Brugger,GRÜNE,,,BW,,,3.0,53801.0
3,Albert Robert Rupprecht,CSU,Weiden,235.0,BY,50575.0,38.482317,,
4,Albert Stegemann,CDU,Mittelems,31.0,NI,72523.0,40.467488,29.0,57557.0
5,Albrecht Heinz Erhard Glaser,AfD,,,HE,,,5.0,58196.0
6,Alexander Bartz,SPD,,,NI,,,25.0,51672.0
7,Alexander Dobrindt,CSU,Weilheim,226.0,BY,57179.0,41.860244,1.0,109219.0
8,Alexander Engelhard,CSU,Neu-Ulm,255.0,BY,69676.0,37.193462,,
9,Alexander Gamal Radwan,CSU,Bad Tölz-Wolfratshausen – Miesbach,223.0,BY,55501.0,41.313523,,
10,Alexander Graf Lambsdorff,FDP,,,NW,,,3.0,53817.0
11,Alexander Hoffmann,CSU,Main-Spessart,249.0,BY,60489.0,38.580859,,
12,Alexander Müller,FDP,,,HE,,,4.0,60232.0
13,Alexander Paul Föhr,CDU,,,BW,,,6.0,147761.0
14,Alexander Richard Throm,CDU,Heilbronn,267.0,BW,50299.0,27.798564,13.0,147761.0
15,Alexander Ulrich,DIE LINKE,,,RP,,,1.0,76123.0
16,Ali Abass Yahya Al-Dailami,DIE LINKE,,,HE,,,2.0,35646.0
17,Alice Elisabeth Weidel,AfD,,,BW,,,1.0,51940.0
18,Alois Georg Josef Rainer,CSU,Straubing,231.0,BY,58487.0,44.282167,,
19,Amira Mohamed Ali,DIE LINKE,,,NI,,,1.0,49552.0
20,Ana-Maria Trăsnea,SPD,,,BE,,,6.0,62402.0
21,Andrea Lindholz,CSU,Aschaffenburg,247.0,BY,59269.0,40.724072,6.0,109219.0
22,Andreas Audretsch,GRÜNE,,,BE,,,4.0,61789.0
23,Andreas Bleck,AfD,,,RP,,,3.0,53801.0
24,Andreas Franz Scheuer,CSU,Passau,229.0,BY,41530.0,30.653971,3.0,109219.0
25,Andreas Jung,CDU,Konstanz,287.0,BW,53362.0,34.143813,3.0,147761.0
26,Andreas Larem,SPD,Darmstadt,186.0,HE,51046.0,27.377262,15.0,53531.0
27,Andreas Lenz,CSU,Erding – Ebersberg,213.0,BY,70656.0,42.25711,,
28,Andreas Mattfeldt,CDU,Osterholz – Verden,34.0,NI,50274.0,33.654882,21.0,57557.0
29,Andreas Mehltretter,SPD,,,BY,,,15.0,56718.0
30,Andreas Milan Gerhard Philippi,SPD,Göttingen,53.0,NI,51385.0,32.220947,17.0,51672.0
31,Andreas Rimkus,SPD,Düsseldorf II,107.0,NW,41169.0,29.17015,19.0,57605.0
32,Andreas Schwarz,SPD,,,BY,,,11.0,56718.0
33,Andrej Konstantin Hunko,DIE LINKE,,,NW,,,4.0,61158.0
34,Andrew John Ullmann,FDP,,,BY,,,10.0,53239.0
35,André Berghegger,CDU,Osnabrück-Land,38.0,NI,54535.0,36.215186,22.0,57557.0
36,André Hahn,DIE LINKE,,,SN,,,4.0,46002.0
37,Anette Kramme,SPD,,,BY,,,4.0,56718.0
38,Angelika Glöckner,SPD,Pirmasens,210.0,RP,39711.0,30.437815,8.0,57128.0
39,Anikó Merten,FDP,,,NI,,,8.0,59330.0
40,Anja Liebert,GRÜNE,,,NW,,,27.0,54726.0
41,Anja Margit Reinalter,GRÜNE,,,BW,,,18.0,53801.0
42,Anja Maria-Antonia Karliczek,CDU,Steinfurt III,128.0,NW,52445.0,33.979513,2.0,77779.0
43,Anja Schulz,FDP,,,NI,,,3.0,59330.0
44,Anja Troff-Schaffarzyk,SPD,,,NI,,,14.0,51672.0
45,Anja Weisgerber,CSU,Schweinfurt,250.0,BY,63697.0,40.883038,8.0,109219.0
46,Anke Hennig,SPD,,,NI,,,18.0,51672.0
47,Anke Margarete Domscheit-Berg,DIE LINKE,,,BB,,,2.0,64881.0
48,Ann-Veruschka Jurisch,FDP,,,BW,,,14.0,50447.0
49,Anna Helga Angela Hohmann,SPD,,,NI,,,28.0,51672.0
50,Anna Katharina Kassautzki,SPD,Vorpommern-Rügen – Vorpommern-Greifswald I,15.0,MV,40429.0,24.332392,2.0,44561.0
51,Anna Kristina Lührmann,GRÜNE,,,HE,,,5.0,57935.0
52,Anna Maria Christmann,GRÜNE,,,BW,,,8.0,53801.0
53,Annalena Charlotte Alma Baerbock,GRÜNE,,,BB,,,1.0,68736.0
54,Anne Janssen,CDU,,,NI,,,6.0,57557.0
55,Anne König,CDU,Borken II,126.0,NW,70334.0,43.713137,,
56,Anne Monika Spallek,GRÜNE,,,NW,,,21.0,54726.0
57,Annegret Kramp-Karrenbauer,CDU,,,SL,,,1.0,33784.0
58,Annette Widmann-Mauz,CDU,Tübingen,290.0,BW,43024.0,26.952665,2.0,147761.0
59,Annika Gisela Klose,SPD,,,BE,,,4.0,62402.0
60,Ansgar Guido Karl Johannes Heveling,CDU,Krefeld I – Neuss II,110.0,NW,51500.0,33.396885,,
61,Antje Tillmann,CDU,,,TH,,,2.0,71138.0
62,Anton Gerhard Hofreiter,GRÜNE,,,BY,,,2.0,56202.0
63,Ariane Fäscher,SPD,Oberhavel – Havelland II,58.0,BB,50697.0,26.303583,10.0,45057.0
64,Armand Zorn,SPD,Frankfurt am Main I,182.0,HE,41604.0,28.991728,23.0,53531.0
65,Armin Jürgen Grau,GRÜNE,,,RP,,,4.0,58627.0
66,Armin Laschet,CDU,,,NW,,,1.0,77779.0
67,Armin Schwarz,CDU,,,HE,,,6.0,53822.0
68,Artur Auernhammer,CSU,Ansbach,241.0,BY,73312.0,38.384452,,
69,Astrid Damerow,CDU,Nordfriesland – Dithmarschen Nord,2.0,SH,43745.0,30.367928,2.0,55486.0
70,Astrid Mannes,CDU,,,HE,,,11.0,53822.0
71,Astrid Timmermann-Fechter,CDU,,,NW,,,10.0,77779.0
72,Ates Nils Gürpinar,DIE LINKE,,,BY,,,4.0,52710.0
73,Awet Tesfaiesus,GRÜNE,,,HE,,,9.0,57935.0
74,Axel Helmut Schäfer,SPD,Bochum I,140.0,NW,58235.0,38.29562,54.0,57605.0
75,Axel Karl Müller,CDU,Ravensburg,294.0,BW,44597.0,30.558449,,
76,Axel Knoerig,CDU,Diepholz – Nienburg I,33.0,NI,49116.0,33.758093,24.0,57557.0
77,Barbara Lenk,AfD,Meißen,155.0,SN,45705.0,30.999681,7.0,75880.0
78,Beate Müller-Gemmeke,GRÜNE,,,BW,,,6.0,53801.0
79,Beate Walter-Rosenheimer,GRÜNE,,,BY,,,19.0,56202.0
80,Beatrix Storch,AfD,,,BE,,,1.0,53008.0
81,Bengt Axel Bergt,SPD,Segeberg – Stormarn-Mitte,8.0,SH,63369.0,32.017805,9.0,61757.0
82,Benjamin Strasser,FDP,,,BW,,,6.0,50447.0
83,Bernd Baumann,AfD,,,HH,,,1.0,50537.0
84,Bernd Ferdinand Rützel,SPD,,,BY,,,7.0,56718.0
85,Bernd Hans Schattner,AfD,,,RP,,,4.0,53801.0
86,Bernd Helmut Westphal,SPD,Hildesheim,48.0,NI,61857.0,38.65845,13.0,51672.0
87,Bernd Karl Riexinger,DIE LINKE,,,BW,,,1.0,65625.0
88,Bernd Reuther,FDP,,,NW,,,13.0,53817.0
89,Bernhard Daldrup,SPD,,,NW,,,9.0,57605.0
90,Bernhard Herrmann,GRÜNE,,,SN,,,2.0,53080.0
91,Bernhard Siegfried Loos,CSU,München-Nord,217.0,BY,44854.0,25.679134,21.0,109219.0
92,Bettina Hagedorn,SPD,Ostholstein – Stormarn-Nord,9.0,SH,47714.0,33.650937,4.0,61757.0
93,Bettina Lugk,SPD,,,NW,,,14.0,57605.0
94,Bettina Margarethe Wiesmann,CDU,,,HE,,,8.0,53822.0
95,Bettina Martha Lieselotte Hoffmann,GRÜNE,,,HE,,,1.0,57935.0
96,Bettina Müller,SPD,Main-Kinzig – Wetterau II – Schotten,175.0,HE,41160.0,30.515109,4.0,53531.0
97,Bettina Stark-Watzinger,FDP,,,HE,,,1.0,60232.0
98,Bijan Djir-Sarai,FDP,,,NW,,,6.0,53817.0
99,Björn Manuel Simon,CDU,Offenbach,185.0,HE,43347.0,27.836323,17.0,53822.0
100,Boris Mijatović,GRÜNE,,,HE,,,8.0,57935.0
101,Brian Nickholz,SPD,Recklinghausen II,122.0,NW,51050.0,37.433822,50.0,57605.0
102,Britta Maria Haßelmann,GRÜNE,,,NW,,,1.0,54726.0
103,Bruno Hönel,GRÜNE,,,SH,,,6.0,53794.0
104,Bärbel Bas,SPD,Duisburg I,115.0,NW,47314.0,40.342769,12.0,57605.0
105,Bärbel Kofler,SPD,,,BY,,,2.0,56718.0
106,Canan Bayram,GRÜNE,Berlin-Friedrichshain-Kreuzberg – Prenzlauer Berg Ost,83.0,BE,56602.0,37.82747,,
107,Cansel Kiziltepe,SPD,,,BE,,,2.0,62402.0
108,Caren Nicole Lay,DIE LINKE,,,SN,,,3.0,46002.0
109,Carina Konrad,FDP,,,RP,,,2.0,54490.0
110,Carl-Julius Cronenberg,FDP,,,NW,,,14.0,53817.0
111,Carlos Kasper,SPD,,,SN,,,5.0,59350.0
112,Carmen Wegge,SPD,,,BY,,,20.0,56718.0
113,Carolin Bachmann,AfD,Mittelsachsen,161.0,SN,48725.0,33.435579,,
114,Carolin Wagner,SPD,,,BY,,,22.0,56718.0
115,Carsten Brodesser,CDU,Oberbergischer Kreis,99.0,NW,53757.0,33.914591,38.0,77779.0
116,Carsten Christoffer Linnemann,CDU,Paderborn,137.0,NW,84669.0,47.879686,,
117,Carsten Dietmar Träger,SPD,,,BY,,,3.0,56718.0
118,Carsten Körber,CDU,,,SN,,,5.0,70480.0
119,Carsten Müller,CDU,,,NI,,,8.0,57557.0
120,Carsten Schneider,SPD,Erfurt – Weimar – Weimarer Land II,193.0,TH,40185.0,24.404538,1.0,59289.0
121,Catarina Santos Firnhaber,CDU,,,NW,,,15.0,77779.0
122,Cem Özdemir,GRÜNE,Stuttgart I,258.0,BW,62594.0,39.949707,2.0,53801.0
123,Chantal Johanna Siglinde Kopf,GRÜNE,Freiburg,281.0,BW,51777.0,28.801963,14.0,53801.0
124,Christian Alexander Stetten,CDU,Schwäbisch Hall – Hohenlohe,268.0,BW,54894.0,32.078118,,
125,Christian Bartelt,FDP,,,MV,,,2.0,37778.0
126,Christian Dürr,FDP,,,NI,,,1.0,59330.0
127,Christian Friedrich Wirth,AfD,,,SL,,,1.0,57629.0
128,Christian Görke,DIE LINKE,,,BB,,,1.0,64881.0
129,Christian Haase,CDU,Höxter – Güterloh III – Lippe II,136.0,NW,53294.0,40.091778,,
130,Christian Hirte,CDU,,,TH,,,1.0,71138.0
131,Christian Jung,FDP,,,BW,,,10.0,50447.0
132,Christian Kühn,GRÜNE,,,BW,,,4.0,53801.0
133,Christian Leye,DIE LINKE,,,NW,,,6.0,61158.0
134,Christian Petry,SPD,St. Wendel,298.0,SL,48135.0,35.140166,3.0,42755.0
135,Christian Sauter,FDP,,,NW,,,16.0,53817.0
136,Christian Willi Heribert Schreider,SPD,Ludwigshafen/Frankenthal,207.0,RP,50108.0,32.795555,13.0,57128.0
137,Christian Wolfgang Lindner,FDP,,,NW,,,1.0,53817.0
138,Christiane Schenderlein,CDU,,,SN,,,2.0,70480.0
139,Christina Baum,AfD,,,BW,,,8.0,51940.0
140,Christina Daniela Stumpp,CDU,Waiblingen,264.0,BW,50566.0,28.993102,,
141,Christina-Johanne Schröder,GRÜNE,,,NI,,,3.0,51901.0
142,Christine Buchholz,DIE LINKE,,,HE,,,3.0,35646.0
143,Christine Irene Aschenberg-Dugnus,FDP,,,SH,,,3.0,55010.0
144,Christoph Bernhard Vries,CDU,,,HH,,,3.0,51740.0
145,Christoph Florian Schmid,SPD,,,BY,,,9.0,56718.0
146,Christoph Hoffmann,FDP,,,BW,,,9.0,50447.0
147,Christoph Johannes Ploß,CDU,,,HH,,,1.0,51740.0
148,Christoph Werner Meyer,FDP,,,BE,,,1.0,45666.0
149,Christos Pantazis,SPD,Braunschweig,50.0,NI,51220.0,36.702901,26.0,51672.0
150,Clara Anne Bünger,DIE LINKE,,,SN,,,5.0,46002.0
151,Claudia Benedikta Roth,GRÜNE,,,BY,,,1.0,56202.0
152,Claudia Heike Müller,GRÜNE,,,MV,,,1.0,71956.0
153,Claudia Moll,SPD,Aachen II,88.0,NW,58189.0,34.474811,8.0,57605.0
154,Claudia Raffelhüschen,FDP,,,BW,,,17.0,50447.0
155,Claudia Rosina Tausend,SPD,,,BY,,,10.0,56718.0
156,Corinna Martina Rüffer,GRÜNE,,,RP,,,3.0,58627.0
157,Corinna Miazga,AfD,,,BY,,,2.0,48565.0
158,Cornelia Möhring,DIE LINKE,,,SH,,,1.0,64238.0
159,Dagmar Andres,SPD,,,NW,,,18.0,57605.0
160,Dagmar Schmidt,SPD,Lahn-Dill,172.0,HE,49923.0,33.05174,2.0,53531.0
161,Daniel Baldy,SPD,Mainz,205.0,RP,49878.0,24.938875,5.0,57128.0
162,Daniel Dominik Schneider,SPD,Cuxhaven – Stade II,29.0,NI,51417.0,36.812675,23.0,51672.0
163,Daniel Rinkert,SPD,,,NW,,,33.0,57605.0
164,Daniel Wolfgang Föst,FDP,,,BY,,,1.0,53239.0
165,Daniela Friederike Ridder,SPD,,,NI,,,24.0,51672.0
166,Daniela Kathrin Kluckert,FDP,,,BE,,,2.0,45666.0
167,Daniela Ludwig,CSU,Rosenheim,222.0,BY,68670.0,36.129935,4.0,109219.0
168,Deborah Saskia Düring,GRÜNE,,,HE,,,7.0,57935.0
169,Denise Loop,GRÜNE,,,SH,,,5.0,53794.0
170,Dennis Rohde,SPD,Oldenburg – Ammerland,27.0,NI,65757.0,38.158047,7.0,51672.0
171,Derya Türk-Nachbaur,SPD,,,BW,,,19.0,58542.0
172,Detlef Müller,SPD,Chemnitz,162.0,SN,34958.0,25.090254,3.0,59350.0
173,Detlef Seif,CDU,Euskirchen – Rhein-Erft-Kreis II,92.0,NW,65981.0,34.584318,43.0,77779.0
174,Diana Iris Stöcker,CDU,Lörrach – Müllheim,282.0,BW,43509.0,25.245439,,
175,Dieter Gerald Janecek,GRÜNE,,,BY,,,4.0,56202.0
176,Dieter Stier,CDU,Burgenland – Saalekreis,73.0,ST,32649.0,26.267771,2.0,63072.0
177,Dietmar Friedhoff,AfD,,,NI,,,4.0,56072.0
178,Dietmar Gerhard Bartsch,DIE LINKE,,,MV,,,1.0,50868.0
179,Dietmar Heinrich Nietan,SPD,,,NW,,,17.0,57605.0
180,Dietrich Monstadt,CDU,,,MV,,,2.0,53368.0
181,Dirk Brandes,AfD,,,NI,,,6.0,56072.0
182,Dirk Heidenblut,SPD,Essen II,119.0,NW,39410.0,37.822223,65.0,57605.0
183,Dirk Spaniel,AfD,,,BW,,,3.0,51940.0
184,Dirk Vöpel,SPD,Oberhausen – Wesel III,117.0,NW,55790.0,38.809355,63.0,57605.0
185,Dirk Wiese,SPD,,,NW,,,5.0,57605.0
186,Dirk-Ulrich August Heinrich Mende,SPD,,,NI,,,27.0,51672.0
187,Dorothee Gisela Renate Maria Bär,CSU,Bad Kissingen,248.0,BY,67458.0,39.097021,2.0,109219.0
188,Dorothee Katja Julia Martin,SPD,Hamburg-Nord,21.0,HH,56594.0,30.720377,3.0,74586.0
189,Dunja Eleonore Angelika Kreiser,SPD,Salzgitter – Wolfenbüttel,49.0,NI,56157.0,38.616047,12.0,51672.0
190,Eberhardt Alexander Gauland,AfD,,,BB,,,1.0,55482.0
191,Edgar Konrad Hartmut Franke,SPD,Schwalm-Eder,170.0,HE,54792.0,39.346805,11.0,53531.0
192,Edgar Naujok,AfD,Leipzig-Land,154.0,SN,39348.0,24.555513,16.0,75880.0
193,Ekin Deligöz,GRÜNE,,,BY,,,3.0,56202.0
194,Elisabeth Kaiser,SPD,,,TH,,,2.0,59289.0
195,Elisabeth Maria Paus,GRÜNE,,,BE,,,1.0,61789.0
196,Elisabeth Winkelmeier-Becker,CDU,Rhein-Sieg-Kreis I,97.0,NW,60776.0,32.59361,5.0,77779.0
197,Emilia Johanna Fester,GRÜNE,,,HH,,,3.0,62633.0
198,Emily Anna Vontz,SPD,,,SL,,,4.0,42755.0
199,Emmi Zeulner,CSU,Kulmbach,240.0,BY,65163.0,47.774511,10.0,109219.0
200,Enak Matthias Ferlemann,CDU,,,NI,,,5.0,57557.0
201,Enrico Komning,AfD,,,MV,,,2.0,55114.0
202,Erhard Grundl,GRÜNE,,,BY,,,8.0,56202.0
203,Erich Irlstorfer,CSU,Freising,214.0,BY,69689.0,36.15231,,
204,Erik Malottki,SPD,Mecklenburgische Seenplatte I – Vorpommern-Greifswald II,16.0,MV,37392.0,24.817479,3.0,44561.0
205,Erwin Josef Rüddel,CDU,Neuwied,197.0,RP,57430.0,31.944777,7.0,64059.0
206,Esra-Leon Ruben Limbacher,SPD,Homburg,299.0,SL,51091.0,36.594992,5.0,42755.0
207,Esther Dilcher,SPD,Waldeck,167.0,HE,51613.0,37.953526,8.0,53531.0
208,Eugen Schmidt,AfD,,,NW,,,10.0,59792.0
209,Fabian Benedikt Meinrad Gramling,CDU,Neckar-Zaber,266.0,BW,56249.0,30.396485,,
210,Fabian Funke,SPD,,,SN,,,7.0,59350.0
211,Fabian Griewel,FDP,,,NW,,,21.0,53817.0
212,Fabian Jacobi,AfD,,,NW,,,3.0,59792.0
213,Falko Droßmann,SPD,Hamburg-Mitte,18.0,HH,59229.0,33.237747,,
214,Falko Mohrs,SPD,Helmstedt – Wolfsburg,51.0,NI,54349.0,42.115337,19.0,51672.0
215,Felix Banaszak,GRÜNE,,,NW,,,6.0,54726.0
216,Felix Maximilian Döring,SPD,Gießen,173.0,HE,48514.0,30.363949,17.0,53531.0
217,Felix Schreiner,CDU,Waldshut,288.0,BW,45335.0,33.612106,,
218,Filiz Polat,GRÜNE,,,NI,,,1.0,51901.0
219,Florian Matthias Müller,CDU,Olpe – Märkischer Kreis I,149.0,NW,56879.0,37.082747,,
220,Florian Oßner,CSU,Landshut,228.0,BY,70685.0,36.44496,,
221,Florian Peter Hahn,CSU,München-Land,221.0,BY,77523.0,39.095374,7.0,109219.0
222,Florian Toncar,FDP,,,BW,,,5.0,50447.0
223,Frank Bsirske,GRÜNE,,,NI,,,6.0,51901.0
224,Frank Martin Klaus Rinck,AfD,,,NI,,,2.0,56072.0
225,Frank Michael Junge,SPD,Ludwigslust-Parchim II – Nordwestmecklenburg II – Landkreis Rostock I,13.0,MV,50736.0,35.222082,1.0,44561.0
226,Frank Müller-Rosentritt,FDP,,,SN,,,2.0,54233.0
227,Frank Schwabe,SPD,Recklinghausen I,121.0,NW,49437.0,41.020088,25.0,57605.0
228,Frank Ullrich,SPD,Suhl – Schmalkalden-Meiningen – Hildburghausen – Sonneberg,196.0,TH,56791.0,33.6117,3.0,59289.0
229,Frank Uwe Schäffler,FDP,,,NW,,,9.0,53817.0
230,Franz Josef Joachim Wundrak,AfD,,,NI,,,1.0,56072.0
231,Franziska Christina Brigitte Hoppermann,CDU,,,HH,,,2.0,51740.0
232,Franziska Katharina Brantner,GRÜNE,Heidelberg,274.0,BW,53288.0,30.168085,1.0,53801.0
233,Franziska Kersten,SPD,Börde – Jerichower Land,67.0,ST,38520.0,26.249438,4.0,61017.0
234,Franziska Krumwiede-Steiner,GRÜNE,,,NW,,,29.0,54726.0
235,Franziska Mascheck,SPD,,,SN,,,8.0,59350.0
236,Frauke Heiligenstadt,SPD,Goslar – Northeim – Osterode,52.0,NI,52129.0,36.69325,10.0,51672.0
237,Friedhelm Günter Boginski,FDP,,,BB,,,2.0,71213.0
238,Fritz Güntzler,CDU,,,NI,,,10.0,57557.0
239,Gabriela Heinrich,SPD,,,BY,,,8.0,56718.0
240,Gabriele Katzmarek,SPD,,,BW,,,11.0,58542.0
241,Georg Kippels,CDU,Rhein-Erft-Kreis I,91.0,NW,63635.0,32.979534,29.0,77779.0
242,Gerald Ullrich,FDP,,,TH,,,1.0,38094.0
243,Gereon Bollmann,AfD,,,SH,,,2.0,59783.0
244,Gero Clemens Hocker,FDP,,,NI,,,6.0,59330.0
245,Gero Storjohann,CDU,,,SH,,,5.0,55486.0
246,Gerold Joachim Otten,AfD,,,BY,,,9.0,48565.0
247,Gesine Lötzsch,DIE LINKE,Berlin-Lichtenberg,86.0,BE,36409.0,25.802405,3.0,64670.0
248,Gitta Connemann,CDU,Unterems,25.0,NI,77143.0,44.399616,3.0,57557.0
249,Gottfried Curio,AfD,,,BE,,,2.0,53008.0
250,Gottfried Hermann Gröhe,CDU,Neuss I,108.0,NW,57445.0,35.777457,14.0,77779.0
251,Gregor Gysi,DIE LINKE,Berlin-Treptow-Köpenick,84.0,BE,54548.0,35.380574,,
252,Gunther Krichbaum,CDU,Pforzheim,279.0,BW,46291.0,28.479584,,
253,Gyde Jensen-Bornhöft,FDP,,,SH,,,2.0,55010.0
254,Gökay Akbulut,DIE LINKE,,,BW,,,2.0,65625.0
255,Götz Frömming,AfD,,,BE,,,3.0,53008.0
256,Gülistan Yüksel,SPD,,,NW,,,22.0,57605.0
257,Günter Krings,CDU,Mönchengladbach,109.0,NW,45550.0,35.602905,7.0,77779.0
258,Hagen Reinhold,FDP,,,MV,,,1.0,37778.0
259,Hakan Demir,SPD,Berlin-Neukölln,82.0,BE,33880.0,25.847205,,
260,Hanna Steinmüller,GRÜNE,Berlin-Mitte,75.0,BE,42443.0,30.623981,9.0,61789.0
261,Hannes Artur Gerhard Walter,SPD,Elbe-Elster – Oberspreewald-Lausitz II,65.0,BB,29998.0,25.36121,7.0,45057.0
262,Hannes Gnauck,AfD,,,BB,,,5.0,55482.0
263,Hans-Jürgen Thies,CDU,Soest,146.0,NW,58791.0,33.13121,31.0,77779.0
264,Hans-Peter Friedrich,CSU,Hof,239.0,BY,51312.0,41.22936,5.0,109219.0
265,Hans-Rüdiger Lucassen,AfD,,,NW,,,1.0,59792.0
266,Hansjörg Durz,CSU,Augsburg-Land,253.0,BY,82423.0,40.585069,,
267,Harald Ebner,GRÜNE,,,BW,,,7.0,53801.0
268,Harald Weyel,AfD,,,NW,,,9.0,59792.0
269,Heidi Reichinnek,DIE LINKE,,,NI,,,3.0,49552.0
270,Heike Charlotte Baehrens,SPD,,,BW,,,13.0,58542.0
271,Heike Engelhardt,SPD,,,BW,,,21.0,58542.0
272,Heike Heubach,SPD,,,BY,,,24.0,56718.0
273,Heike Martina Brehmer,CDU,Harz,68.0,ST,37884.0,27.684078,1.0,63072.0
274,Heiko Josef Maas,SPD,Saarlouis,297.0,SL,57354.0,36.736419,1.0,42755.0
275,Helge Frederik Lindh,SPD,Wuppertal I,102.0,NW,54065.0,37.29701,27.0,57605.0
276,Helge Reinhold Braun,CDU,,,HE,,,1.0,53822.0
277,Helge Stefan Limburg,GRÜNE,,,NI,,,8.0,51901.0
278,Helmut Kleebank,SPD,Berlin-Spandau – Charlottenburg Nord,78.0,BE,39062.0,32.601928,,
279,Hendrik Hoppenstedt,CDU,,,NI,,,1.0,57557.0
280,Henning Rehbaum,CDU,Warendorf,130.0,NW,59631.0,36.279622,,
281,Henning Rudolf Helmut Otte,CDU,Celle – Uelzen,44.0,NI,51504.0,32.88175,13.0,57557.0
282,Herbert Wollmann,SPD,Altmark,66.0,ST,29599.0,27.513478,8.0,61017.0
283,Hermann Färber,CDU,Göppingen,263.0,BW,41558.0,31.011813,,
284,Hermann-Josef Johann Tebroke,CDU,Rheinisch-Bergischer Kreis,100.0,NW,52714.0,30.022098,41.0,77779.0
285,Holger Becker,SPD,Jena – Sömmerda – Weimarer Land I,191.0,TH,30673.0,20.146337,5.0,59289.0
286,Holger Mann,SPD,,,SN,,,1.0,59350.0
287,Hubert Wilhelm Hüppe,CDU,,,NW,,,21.0,77779.0
288,Ina Latendorf,DIE LINKE,,,MV,,,2.0,50868.0
289,Inaki Axel Echeverria,SPD,Ennepe-Ruhr-Kreis II,139.0,NW,47993.0,35.431217,31.0,57605.0
290,Ingeborg Gabriele Gräßle,CDU,Backnang – Schwäbisch Gmünd,269.0,BW,41176.0,30.500515,5.0,147761.0
291,Ingmar Ludwig Jung,CDU,Wiesbaden,179.0,HE,35375.0,26.280208,12.0,53822.0
292,Ingo Adolf August Gädechens,CDU,,,SH,,,3.0,55486.0
293,Ingo Bodtke,FDP,,,ST,,,2.0,57012.0
294,Ingo Peter Wellenreuther,CDU,,,BW,,,8.0,147761.0
295,Ingo Schäfer,SPD,Solingen – Remscheid – Wuppertal II,103.0,NW,52852.0,32.630936,43.0,57605.0
296,Ingrid Johanna Nestle,GRÜNE,,,SH,,,3.0,53794.0
297,Ingrid Pahlmann,CDU,,,NI,,,12.0,57557.0
298,Irene Mihalic,GRÜNE,,,NW,,,3.0,54726.0
299,Isabel Andrea Cademartori Dujisin,SPD,Mannheim,275.0,BW,37102.0,26.354221,17.0,58542.0
300,Isabel Larissa Mackensen-Geis,SPD,,,RP,,,4.0,57128.0
301,Jakob Blankenburg,SPD,Lüchow-Dannenberg – Lüneburg,37.0,NI,38784.0,28.178469,15.0,51672.0
302,Jamila Anna Schäfer,GRÜNE,München-Süd,219.0,BY,47256.0,27.453828,7.0,56202.0
303,Jan Heinz Stefan Plobner,SPD,,,BY,,,23.0,56718.0
304,Jan Korte,DIE LINKE,,,ST,,,1.0,57665.0
305,Jan Lennard Oehl,SPD,Hanau,180.0,HE,40291.0,31.142561,21.0,53531.0
306,Jan Metzler,CDU,Worms,206.0,RP,52827.0,32.183131,6.0,64059.0
307,Jan Ralf Nolte,AfD,,,HE,,,4.0,58196.0
308,Jan Ulrich Dieren,SPD,Krefeld II – Wesel II,114.0,NW,45852.0,35.193344,49.0,57605.0
309,Jan Wenzel Schmidt,AfD,,,ST,,,2.0,117746.0
310,Jan-Marco Luczak,CDU,,,BE,,,2.0,72285.0
311,Jan-Niclas Gesenhues,GRÜNE,,,NW,,,8.0,54726.0
312,Jana Schimke,CDU,,,BB,,,3.0,58473.0
313,Janine Natalie Wißler,DIE LINKE,,,HE,,,1.0,35646.0
314,Janosch Dahmen,GRÜNE,,,NW,,,24.0,54726.0
315,Jasmina Hostert,SPD,,,BW,,,9.0,58542.0
316,Jens Beeck,FDP,,,NI,,,2.0,59330.0
317,Jens Brandenburg,FDP,,,BW,,,8.0,50447.0
318,Jens Georg Spahn,CDU,Steinfurt I – Borken I,124.0,NW,62322.0,40.022348,4.0,77779.0
319,Jens Koeppen,CDU,,,BB,,,1.0,58473.0
320,Jens Lehmann,CDU,Leipzig I,152.0,SN,34107.0,20.530678,7.0,70480.0
321,Jens Mathias Stein,SPD,Kiel,5.0,SH,45709.0,29.524726,7.0,61757.0
322,Jens Peick,SPD,Dortmund I,142.0,NW,51037.0,32.987538,57.0,57605.0
323,Jens Teutrine,FDP,,,NW,,,18.0,53817.0
324,Jens Zimmermann,SPD,Odenwald,187.0,HE,57172.0,32.335275,7.0,53531.0
325,Jessica Nadine Tatti,DIE LINKE,,,BW,,,3.0,65625.0
326,Jessica Rosenthal,SPD,,,NW,,,20.0,57605.0
327,Joachim-Friedrich Martin Josef Merz,CDU,Hochsauerlandkreis,147.0,NW,62810.0,40.413854,,
328,Joana Eleonora Cotar,AfD,,,HE,,,2.0,58196.0
329,Jochen Haug,AfD,,,NW,,,11.0,59792.0
330,Joe Weingarten,SPD,Kreuznach,201.0,RP,44976.0,33.046047,14.0,57128.0
331,Johann David Wadephul,CDU,,,SH,,,1.0,55486.0
332,Johann Saathoff,SPD,Aurich – Emden,24.0,NI,71596.0,52.8146,11.0,51672.0
333,Johannes Arlt,SPD,Mecklenburgische Seenplatte II – Landkreis Rostock III,17.0,MV,43730.0,31.102197,5.0,44561.0
334,Johannes Eberhard Steiniger,CDU,Neustadt – Speyer,208.0,RP,51770.0,30.16021,8.0,64059.0
335,Johannes Fechner,SPD,,,BW,,,6.0,58542.0
336,Johannes Josef Huber,AfD,,,BY,,,6.0,48565.0
337,Johannes Schraps,SPD,Hameln-Pyrmont – Holzminden,46.0,NI,56893.0,43.248852,9.0,51672.0
338,Johannes Schätzl,SPD,,,BY,,,17.0,56718.0
339,Johannes Vogel,FDP,,,NW,,,5.0,53817.0
340,Johannes Wagner,GRÜNE,,,BY,,,16.0,56202.0
341,Jonas Alexander Tecumseh Geissler,CSU,Coburg,238.0,BY,44890.0,36.512856,,
342,Josef Oster,CDU,Koblenz,199.0,RP,46073.0,31.70626,12.0,64059.0
343,Josef Rief,CDU,Biberach,292.0,BW,46458.0,35.149919,,
344,Josephine Loulou Ortleb,SPD,Saarbrücken,296.0,SL,51749.0,36.858787,2.0,42755.0
345,Josip Juratovic,SPD,,,BW,,,18.0,58542.0
346,Judith Sandra Skudelny,FDP,,,BW,,,2.0,50447.0
347,Julia Klöckner,CDU,,,RP,,,1.0,64059.0
348,Julia Maria Kornelia Verlinden,GRÜNE,,,NI,,,5.0,51901.0
349,Julian Nils Christoph Pahlke,GRÜNE,,,NI,,,12.0,51901.0
350,Julian Simon Grünke,FDP,,,BW,,,18.0,50447.0
351,Jörg Cezanne,DIE LINKE,,,HE,,,4.0,35646.0
352,Jörg Mathias Nürnberger,SPD,,,BY,,,19.0,56718.0
353,Jörg Schneider,AfD,,,NW,,,5.0,59792.0
354,Jörn Harald König,AfD,,,NI,,,5.0,56072.0
355,Jürgen Berghahn,SPD,Lippe I,135.0,NW,52359.0,30.70819,46.0,57605.0
356,Jürgen Coße,SPD,,,NW,,,29.0,57605.0
357,Jürgen Friedrich Braun,AfD,,,BW,,,10.0,51940.0
358,Jürgen Hans Pohl,AfD,,,TH,,,2.0,75808.0
359,Jürgen Hardt,CDU,,,NW,,,22.0,77779.0
360,Jürgen Kretz,GRÜNE,,,BW,,,19.0,53801.0
361,Jürgen Lenders,FDP,,,HE,,,5.0,60232.0
362,Jürgen Trittin,GRÜNE,,,NI,,,4.0,51901.0
363,Kai Gehring,GRÜNE,,,NW,,,16.0,54726.0
364,Kai Thorsten Whittaker,CDU,Rastatt,273.0,BW,50988.0,33.196393,,
365,Karamba Diaby,SPD,Halle,72.0,ST,42335.0,28.785417,1.0,61017.0
366,Karl Bär,GRÜNE,,,BY,,,12.0,56202.0
367,Karl Wilhelm Lauterbach,SPD,Leverkusen – Köln IV,101.0,NW,69662.0,45.602252,23.0,57605.0
368,Karlheinz Busen,FDP,,,NW,,,11.0,53817.0
369,Karoline Otte,GRÜNE,,,NI,,,9.0,51901.0
370,Karsten Hilse,AfD,Bautzen I,156.0,SN,52492.0,33.40567,4.0,75880.0
371,Karsten Klein,FDP,,,BY,,,3.0,53239.0
372,Kassem Taher Saleh,GRÜNE,,,SN,,,4.0,53080.0
373,Katharina Barbara Maria Beck,GRÜNE,,,HH,,,1.0,62633.0
374,Katharina Dröge,GRÜNE,,,NW,,,5.0,54726.0
375,Katharina Willkomm,FDP,,,NW,,,20.0,53817.0
376,Kathrin Henneberger,GRÜNE,,,NW,,,20.0,54726.0
377,Kathrin Vogler,DIE LINKE,,,NW,,,5.0,61158.0
378,Katja Adler,FDP,,,HE,,,6.0,60232.0
379,Katja Hessel,FDP,,,BY,,,2.0,53239.0
380,Katja Isabel Leikert,CDU,,,HE,,,5.0,53822.0
381,Katja Keul,GRÜNE,,,NI,,,7.0,51901.0
382,Katja Kipping,DIE LINKE,,,SN,,,1.0,46002.0
383,Katja Wilma Mast,SPD,,,BW,,,5.0,58542.0
384,Katrin Babette Uhlig,GRÜNE,Bonn,96.0,NW,46467.0,25.238716,15.0,54726.0
385,Katrin Budde,SPD,,,ST,,,2.0,61017.0
386,Katrin Göring-Eckardt,GRÜNE,,,TH,,,1.0,83220.0
387,Katrin Helling-Plahr,FDP,,,NW,,,15.0,53817.0
388,Katrin Staffler,CSU,Fürstenfeldbruck,215.0,BY,72721.0,38.016101,18.0,109219.0
389,Katrin Zschau,SPD,Rostock – Landkreis Rostock II,14.0,MV,43932.0,26.950494,4.0,44561.0
390,Kaweh Mansoori,SPD,,,HE,,,3.0,53531.0
391,Kay Gottschalk,AfD,,,NW,,,2.0,59792.0
392,Kay-Uwe Ziegler,AfD,Anhalt,71.0,ST,33225.0,24.217178,,
393,Kerstin Christiane Radomski,CDU,,,NW,,,20.0,77779.0
394,Kerstin Griese,SPD,,,NW,,,4.0,57605.0
395,Kerstin Vieregge,CDU,,,NW,,,17.0,77779.0
396,Kevin Kühnert,SPD,Berlin-Tempelhof-Schöneberg,81.0,BE,45220.0,26.685393,3.0,62402.0
397,Kevin Leiser,SPD,,,BW,,,20.0,58542.0
398,Kirsten Kappert-Gonther,GRÜNE,,,HB,,,1.0,68427.0
399,Klaus Friedrich Ernst,DIE LINKE,,,BY,,,2.0,52710.0
400,Klaus Mack,CDU,Calw,280.0,BW,51208.0,33.79776,,
401,Klaus Stöber,AfD,Eisenach – Wartburgkreis – Unstrut-Hainich-Kreis,190.0,TH,38166.0,24.78183,,
402,Klaus Wiener,CDU,Mettmann I,104.0,NW,47326.0,29.972894,51.0,77779.0
403,Klaus-Peter Willsch,CDU,Rheingau-Taunus – Limburg,178.0,HE,51318.0,30.190611,9.0,53822.0
404,Knut Friedrich Alexander Abraham,CDU,,,BB,,,4.0,58473.0
405,Knut Gerschau,FDP,,,NI,,,5.0,59330.0
406,Konrad Johann Lorenz Stockmeier,FDP,,,BW,,,13.0,50447.0
407,Konstantin Elias Kuhle,FDP,,,NI,,,4.0,59330.0
408,Konstantin Notz,GRÜNE,,,SH,,,4.0,53794.0
409,Kordula Anna Paula Schulz-Asche,GRÜNE,,,HE,,,3.0,57935.0
410,Kristian Klinck,SPD,Plön – Neumünster,6.0,SH,41497.0,31.446174,13.0,61757.0
411,Kristine Lütke,FDP,,,BY,,,12.0,53239.0
412,Lamya Kaddor,GRÜNE,,,NW,,,12.0,54726.0
413,Lars Castellucci,SPD,,,BW,,,10.0,58542.0
414,Lars Klingbeil,SPD,Rotenburg I – Heidekreis,35.0,NI,59131.0,47.622538,5.0,51672.0
415,Lars Lindemann,FDP,,,BE,,,3.0,45666.0
416,Lars Rohwer,CDU,Dresden II – Bautzen II,160.0,SN,35014.0,18.648274,,
417,Laura Manuela Kraft,GRÜNE,,,NW,,,23.0,54726.0
418,Leif-Erik Holm,AfD,,,MV,,,1.0,55114.0
419,Lena Werner,SPD,,,RP,,,10.0,57128.0
420,Leni Breymaier,SPD,,,BW,,,7.0,58542.0
421,Leon Eckert,GRÜNE,,,BY,,,18.0,56202.0
422,Lina Seitzl,SPD,,,BW,,,15.0,58542.0
423,Linda Heitmann,GRÜNE,Hamburg-Altona,19.0,HH,45063.0,29.669548,5.0,62633.0
424,Linda Teuteberg,FDP,,,BB,,,1.0,71213.0
425,Lisa Hildegard Badum,GRÜNE,,,BY,,,9.0,56202.0
426,Luise Amtsberg,GRÜNE,,,SH,,,1.0,53794.0
427,Luiza Licina-Bode,SPD,,,NW,,,32.0,57605.0
428,Lukas Benner,GRÜNE,,,NW,,,26.0,54726.0
429,Lukas Otto Köhler,FDP,,,BY,,,4.0,53239.0
430,Macit Karaahmetoǧlu,SPD,,,BW,,,14.0,58542.0
431,Mahmut Özdemir,SPD,Duisburg II,116.0,NW,38162.0,39.419889,64.0,57605.0
432,Maik Außendorf,GRÜNE,,,NW,,,18.0,54726.0
433,Maja Scarlett Wallstein,SPD,Cottbus – Spree-Neiße,64.0,BB,34882.0,27.604599,2.0,45057.0
434,Malte Kaufmann,AfD,,,BW,,,7.0,51940.0
435,Manfred Grund,CDU,Eichsfeld – Nordhausen – Kyffhäuserkreis,189.0,TH,40599.0,26.624041,4.0,71138.0
436,Manfred Leonhard Schiller,AfD,,,BY,,,15.0,48565.0
437,Manfred Todtenhausen,FDP,,,NW,,,19.0,53817.0
438,Manuel Gava,SPD,Stadt Osnabrück,39.0,NI,44876.0,30.279476,21.0,51672.0
439,Manuel Höferlin,FDP,,,RP,,,5.0,54490.0
440,Manuela Rottmann,GRÜNE,,,BY,,,5.0,56202.0
441,Marc Albert Bernhard,AfD,,,BW,,,6.0,51940.0
442,Marc Henrichmann,CDU,Coesfeld – Steinfurt II,127.0,NW,65402.0,40.89005,,
443,Marc Josef Biadacz,CDU,Böblingen,260.0,BW,57504.0,29.672745,,
444,Marc Stephan Jongen,AfD,,,BW,,,5.0,51940.0
445,Marcel Emmerich,GRÜNE,,,BW,,,11.0,53801.0
446,Marco Buschmann,FDP,,,NW,,,4.0,53817.0
447,Marco Wanderwitz,CDU,,,SN,,,1.0,70480.0
448,Marcus Bühl,AfD,Gotha – Ilm-Kreis,192.0,TH,37249.0,26.495903,5.0,75808.0
449,Marcus Faber,FDP,,,ST,,,1.0,57012.0
450,Mareike Lotte Wulf,CDU,,,NI,,,9.0,57557.0
451,Maria Anna Klein-Schmeink,GRÜNE,Münster,129.0,NW,63160.0,32.340818,7.0,54726.0
452,Maria-Lena Weiss,CDU,Rottweil – Tuttlingen,285.0,BW,46535.0,31.477022,,
453,Mariana Iris Harder-Kühnel,AfD,,,HE,,,1.0,58196.0
454,Marianne Schieder,SPD,,,BY,,,12.0,56718.0
455,Marie-Agnes Strack-Zimmermann,FDP,,,NW,,,2.0,53817.0
456,Mario Brandenburg,FDP,,,RP,,,3.0,54490.0
457,Mario Czaja,CDU,Berlin-Marzahn-Hellersdorf,85.0,BE,38914.0,29.691518,,
458,Marja-Liisa Völlers,SPD,Nienburg II – Schaumburg,40.0,NI,50017.0,35.31102,16.0,51672.0
459,Mark Helfrich,CDU,Steinburg – Dithmarschen Süd,3.0,SH,39431.0,29.212476,7.0,55486.0
460,Markus (Tessa) Ganserer,GRÜNE,,,BY,,,13.0,56202.0
461,Markus Alexander Uhl,CDU,,,SL,,,4.0,33784.0
462,Markus Benjamin Koob,CDU,Hochtaunus,176.0,HE,44549.0,31.272112,10.0,53822.0
463,Markus Grübel,CDU,Esslingen,261.0,BW,41976.0,32.037857,,
464,Markus Herbrand,FDP,,,NW,,,12.0,53817.0
465,Markus Klaus Hümpfer,SPD,,,BY,,,21.0,56718.0
466,Markus Kurth,GRÜNE,,,NW,,,22.0,54726.0
467,Markus Reichel,CDU,Dresden I,159.0,SN,37811.0,21.059579,3.0,70480.0
468,Markus Töns,SPD,Gelsenkirchen,123.0,NW,44965.0,40.478377,56.0,57605.0
469,Markus-Cornel Frohnmaier,AfD,,,BW,,,4.0,51940.0
470,Marlene Edeltraud Schönberger,GRÜNE,,,BY,,,15.0,56202.0
471,Marlon Bröhr,CDU,Mosel/Rhein-Hunsrück,200.0,RP,45364.0,34.270864,14.0,64059.0
472,Martin Alexander Hess,AfD,,,BW,,,2.0,51940.0
473,Martin Diedenhofen,SPD,,,RP,,,7.0,57128.0
474,Martin Erwin Renner,AfD,,,NW,,,4.0,59792.0
475,Martin Gerster,SPD,,,BW,,,8.0,58542.0
476,Martin Hermann Rabanus,SPD,,,HE,,,9.0,53531.0
477,Martin Johannes Sichert,AfD,,,BY,,,5.0,48565.0
478,Martin Kröber,SPD,Magdeburg,69.0,ST,39233.0,25.264019,3.0,61017.0
479,Martin Plum,CDU,Viersen,111.0,NW,62123.0,35.83778,48.0,77779.0
480,Martin Reichardt,AfD,,,ST,,,1.0,117746.0
481,Martin Rosemann,SPD,,,BW,,,4.0,58542.0
482,Martin Thomas Gaßner-Herz,FDP,,,BW,,,16.0,50447.0
483,Martina Englhardt-Kopf,CSU,Schwandorf,234.0,BY,60924.0,35.063164,12.0,109219.0
484,Martina Erika Renner,DIE LINKE,,,TH,,,3.0,48231.0
485,Martina Margarete Stamm-Fibich,SPD,,,BY,,,18.0,56718.0
486,Mathias Papendieck,SPD,Frankfurt (Oder) – Oder-Spree,63.0,BB,39350.0,28.018883,5.0,45057.0
487,Mathias Wolfgang Antonius Middelberg,CDU,,,NI,,,4.0,57557.0
488,Matthias David Mieves,SPD,Kaiserslautern,209.0,RP,56523.0,33.8873,9.0,57128.0
489,Matthias Gastel,GRÜNE,,,BW,,,9.0,53801.0
490,Matthias Hauer,CDU,Essen III,120.0,NW,46635.0,30.711835,11.0,77779.0
491,Matthias Helferich,AfD,,,NW,,,7.0,59792.0
492,Matthias Miersch,SPD,Hannover-Land II,47.0,NI,73088.0,40.706663,3.0,51672.0
493,Matthias Moosdorf,AfD,Zwickau,165.0,SN,37135.0,25.559578,,
494,Matthias Seestern-Pauly,FDP,,,NI,,,7.0,59330.0
495,Matthias Walter Birkwald,DIE LINKE,,,NW,,,2.0,61158.0
496,Max Lucks,GRÜNE,,,NW,,,14.0,54726.0
497,Max Straubinger,CSU,Rottal-Inn,230.0,BY,46493.0,35.103098,,
498,Maximilian Ludwig Funke genannt Kaiser,FDP,,,BY,,,11.0,53239.0
499,Maximilian Mordhorst,FDP,,,SH,,,4.0,55010.0
500,Maximilian Rick Mörseburg,CDU,Stuttgart II,259.0,BW,34312.0,25.902887,,
501,Mechthild Heil,CDU,Ahrweiler,198.0,RP,50281.0,34.29692,5.0,64059.0
502,Mechthilde Wittmann,CSU,Oberallgäu,256.0,BY,53566.0,29.736091,14.0,109219.0
503,Melanie Bernstein,CDU,,,SH,,,6.0,55486.0
504,Melanie Wegling,SPD,Groß-Gerau,184.0,HE,42598.0,33.453226,18.0,53531.0
505,Melis Sekmen,GRÜNE,,,BW,,,16.0,53801.0
506,Merle Spellerberg,GRÜNE,,,SN,,,3.0,53080.0
507,Metin Hakverdi,SPD,Hamburg-Bergedorf – Harburg,23.0,HH,61590.0,39.318204,6.0,74586.0
508,Michael Alexander Theurer,FDP,,,BW,,,1.0,50447.0
509,Michael Breilmann,CDU,,,NW,,,16.0,77779.0
510,Michael Donth,CDU,Reutlingen,289.0,BW,49631.0,32.549827,,
511,Michael Eckardt Thews,SPD,Hamm – Unna II,145.0,NW,67774.0,40.570601,48.0,57605.0
512,Michael Espendiller,AfD,,,NW,,,6.0,59792.0
513,Michael Frieser,CSU,Nürnberg-Süd,245.0,BY,44192.0,34.411281,13.0,109219.0
514,Michael Georg Link,FDP,,,BW,,,3.0,50447.0
515,Michael Georg Schrodi,SPD,,,BY,,,13.0,56718.0
516,Michael Gerdes,SPD,Bottrop – Recklinghausen III,125.0,NW,57560.0,39.061864,41.0,57605.0
517,Michael Grosse-Brömer,CDU,,,NI,,,2.0,57557.0
518,Michael Günther Meister,CDU,Bergstraße,188.0,HE,46125.0,30.495868,3.0,53822.0
519,Michael Heinz Kaufmann,AfD,Saalfeld-Rudolstadt – Saale-Holzland-Kreis – Saale-Orla-Kreis,195.0,TH,48177.0,29.287998,3.0,75808.0
520,Michael Hennrich,CDU,Nürtingen,262.0,BW,49506.0,30.099407,,
521,Michael Karl Brand,CDU,Fulda,174.0,HE,61573.0,38.086784,4.0,53822.0
522,Michael Kellner,GRÜNE,,,BB,,,2.0,68736.0
523,Michael Kießling,CSU,Starnberg – Landsberg am Lech,224.0,BY,68617.0,38.158714,,
524,Michael Kruse,FDP,,,HH,,,1.0,57301.0
525,Michael Roth,SPD,Werra-Meißner – Hersfeld-Rotenburg,169.0,HE,56383.0,43.694203,1.0,53531.0
526,Michael Sacher,GRÜNE,,,NW,,,28.0,54726.0
527,Michelle-Jasmin Gabriele Müntefering,SPD,Herne – Bochum II,141.0,NW,52792.0,43.44663,36.0,57605.0
528,Mike Moncsek,AfD,Chemnitzer Umland – Erzgebirgskreis II,163.0,SN,39264.0,28.921839,14.0,75880.0
529,Misbah Khan,GRÜNE,,,RP,,,5.0,58627.0
530,Monika Grütters,CDU,Berlin-Reinickendorf,77.0,BE,32972.0,29.515975,1.0,72285.0
531,Moritz Paul Georg Oppelt,CDU,Rhein-Neckar,277.0,BW,43487.0,28.516627,,
532,Muhanad Al-Halak,FDP,,,BY,,,14.0,53239.0
533,Nadine Heselhaus,SPD,,,NW,,,10.0,57605.0
534,Nadine Ruf,SPD,,,HE,,,10.0,53531.0
535,Nadine Schön,CDU,,,SL,,,3.0,33784.0
536,Nadja Sthamer,SPD,,,SN,,,6.0,59350.0
537,Natalie Pawlik,SPD,Wetterau I,177.0,HE,40618.0,29.664415,6.0,53531.0
538,Nezahat Baradari,SPD,,,NW,,,26.0,57605.0
539,Nico Tippelt,FDP,,,SN,,,5.0,54233.0
540,Nicolas Benjamin Zippelius,CDU,Karlsruhe-Land,272.0,BW,50581.0,30.423015,,
541,Nicole Anna Elisabeth Bauer,FDP,,,BY,,,7.0,53239.0
542,Nicole Höchst,AfD,,,RP,,,2.0,53801.0
543,Nicole Stephanie Gohlke,DIE LINKE,,,BY,,,1.0,52710.0
544,Nicole Westig,FDP,,,NW,,,10.0,53817.0
545,Niels Annen,SPD,,,HH,,,2.0,74586.0
546,Niklas Wagener,GRÜNE,,,BY,,,14.0,56202.0
547,Nils Hermann Schmid,SPD,,,BW,,,2.0,58542.0
548,Nils Jan Gründer,FDP,,,BY,,,15.0,53239.0
549,Nina Ingrid Warken,CDU,Odenwald – Tauber,276.0,BW,57391.0,35.81297,,
550,Nina Scheer,SPD,Herzogtum Lauenburg – Stormarn-Süd,10.0,SH,60593.0,31.021313,2.0,61757.0
551,Nina Stahr,GRÜNE,,,BE,,,5.0,61789.0
552,Norbert Alois Röttgen,CDU,Rhein-Sieg-Kreis II,98.0,NW,70144.0,40.009126,,
553,Norbert Kleinwächter,AfD,,,BB,,,4.0,55482.0
554,Norbert Maria Altenkamp,CDU,Main-Taunus,181.0,HE,51985.0,33.337395,16.0,53822.0
555,Nyke Slawik,GRÜNE,,,NW,,,11.0,54726.0
556,Olaf Karl Wilhelm Beek,FDP,,,NW,,,17.0,53817.0
557,Olaf Scholz,SPD,Potsdam – Potsdam-Mittelmark II – Teltow-Fläming II,61.0,BB,64271.0,34.033731,1.0,45057.0
558,Olav Steffen Gutting,CDU,Bruchsal – Schwetzingen,278.0,BW,44465.0,29.60327,,
559,Oliver Kaczmarek,SPD,Unna I,144.0,NW,59869.0,40.793535,15.0,57605.0
560,Oliver Klaus Grundmann,CDU,Stade I – Rotenburg II,30.0,NI,52069.0,34.566795,18.0,57557.0
561,Oliver Krischer,GRÜNE,Aachen I,87.0,NW,41942.0,30.192998,2.0,54726.0
562,Oliver Luksic,FDP,,,SL,,,1.0,65945.0
563,Oliver Vogt,CDU,,,NW,,,19.0,77779.0
564,Omid Nouripour,GRÜNE,Frankfurt am Main II,183.0,HE,50230.0,28.99245,2.0,57935.0
565,Ophelia Johanna Nick,GRÜNE,,,NW,,,13.0,54726.0
566,Ottilie Paola Klein,CDU,,,BE,,,3.0,72285.0
567,Ottmar Wilhelm Holtz,GRÜNE,,,NI,,,14.0,51901.0
568,Otto Fricke,FDP,,,NW,,,7.0,53817.0
569,Parsa Marvi,SPD,,,BW,,,12.0,58542.0
570,Pascal Felix Ernst Kober,FDP,,,BW,,,4.0,50447.0
571,Pascal Meiser,DIE LINKE,,,BE,,,2.0,64670.0
572,Patricia Lips,CDU,,,HE,,,2.0,53822.0
573,Patrick Schnieder,CDU,Bitburg,202.0,RP,46340.0,37.798641,2.0,64059.0
574,Patrizia Susanne Menge,GRÜNE,,,NI,,,13.0,51901.0
575,Paul Alois Lehrieder,CSU,Würzburg,251.0,BY,67651.0,36.866226,33.0,109219.0
576,Paul Ziemiak,CDU,Märkischer Kreis II,150.0,NW,47937.0,33.649445,6.0,77779.0
577,Paula Louise Piechotta,GRÜNE,,,SN,,,1.0,53080.0
578,Peer Stefan Wenzel,GRÜNE,,,NI,,,10.0,51901.0
579,Peggy Schierenbeck,SPD,,,NI,,,20.0,51672.0
580,Peter Altmaier,CDU,,,SL,,,2.0,33784.0
581,Peter Aumer,CSU,Regensburg,233.0,BY,69842.0,35.325119,,
582,Peter Beyer,CDU,Mettmann II,105.0,NW,38429.0,31.345791,28.0,77779.0
583,Peter Christian Pascal Boehringer,AfD,,,BY,,,1.0,48565.0
584,Peter Felser,AfD,,,BY,,,11.0,48565.0
585,Peter Heidt,FDP,,,HE,,,7.0,60232.0
586,Peter Ramsauer,CSU,Traunstein,225.0,BY,59555.0,36.628043,,
587,Petr Bystron,AfD,,,BY,,,4.0,48565.0
588,Petra Angelika Pau,DIE LINKE,,,BE,,,1.0,64670.0
589,Petra Nicolaisen,CDU,,,SH,,,4.0,55486.0
590,Petra Sitte,DIE LINKE,,,ST,,,2.0,57665.0
591,Philip Krämer,GRÜNE,,,HE,,,6.0,57935.0
592,Philipp Amthor,CDU,,,MV,,,1.0,53368.0
593,Philipp Hartewig,FDP,,,SN,,,3.0,54233.0
594,Rainer Detlef Kraft,AfD,,,BY,,,8.0,48565.0
595,Rainer Johannes Keller,SPD,Wesel I,113.0,NW,54488.0,34.233657,61.0,57605.0
596,Rainer Michael Müller,SPD,Berlin-Charlottenburg-Wilmersdorf,80.0,BE,33723.0,25.583389,1.0,62402.0
597,Rainer Rothfuß,AfD,,,BY,,,13.0,48565.0
598,Rainer Semet,FDP,,,BW,,,15.0,50447.0
599,Ralf Stegner,SPD,Pinneberg,7.0,SH,59298.0,31.198144,3.0,61757.0
600,Ralph Brinkhaus,CDU,Gütersloh I,131.0,NW,71185.0,39.964182,3.0,77779.0
601,Ralph Edelhäußer,CSU,Roth,246.0,BY,71478.0,37.963066,,
602,Ralph Lenkert,DIE LINKE,,,TH,,,2.0,48231.0
603,Rasha Nasr,SPD,,,SN,,,4.0,59350.0
604,Rebecca Schamber,SPD,Hannover-Land I,43.0,NI,58297.0,33.674913,22.0,51672.0
605,Reem Alabali-Radovan,SPD,Schwerin – Ludwigslust-Parchim I – Nordwestmecklenburg I,12.0,MV,45189.0,29.41839,6.0,44561.0
606,Reginald Karl Heinz Hanke,FDP,,,TH,,,2.0,38094.0
607,Reinhard Arnold Houben,FDP,,,NW,,,8.0,53817.0
608,Reinhard Brandl,CSU,Ingolstadt,216.0,BY,83663.0,44.925038,,
609,Renata Alt,FDP,,,BW,,,7.0,50447.0
610,Renate Elly Künast,GRÜNE,,,BE,,,3.0,61789.0
611,René Bochmann,AfD,Nordsachsen,151.0,SN,32702.0,27.792462,15.0,75880.0
612,René Springer,AfD,,,BB,,,2.0,55482.0
613,Ria Irmtraut Claudia Schröder,FDP,,,HH,,,2.0,57301.0
614,Ricarda Lang,GRÜNE,,,BW,,,10.0,53801.0
615,Rita Andrea Hagl-Kehl,SPD,,,BY,,,6.0,56718.0
616,Rita Berta Schwarzelühr-Sutter,SPD,,,BW,,,3.0,58542.0
617,Robert Farle,AfD,Mansfeld,74.0,ST,32930.0,25.072904,,
618,Robert Habeck,GRÜNE,Flensburg – Schleswig,1.0,SH,50231.0,28.128797,2.0,53794.0
619,Robin Mesarosch,SPD,,,BW,,,16.0,58542.0
620,Robin Till Nils Johannes Wagener,GRÜNE,,,NW,,,10.0,54726.0
621,Roderich Kiesewetter,CDU,Aalen – Heidenheim,270.0,BW,61832.0,37.04001,,
622,Roger Friedrich Nikolaus Beckamp,AfD,,,NW,,,8.0,59792.0
623,Rolf Heinrich Mützenich,SPD,Köln III,95.0,NW,46149.0,29.940636,1.0,57605.0
624,Ronja Helene Kemmer,CDU,Ulm,291.0,BW,57608.0,32.73219,15.0,147761.0
625,Rose Gerrit Huy,AfD,,,BY,,,12.0,48565.0
626,Ruppert Fritz Johannes Stüwe,SPD,,,BE,,,5.0,62402.0
627,Sabine Dittmar,SPD,,,BY,,,14.0,56718.0
628,Sabine Grützmacher,GRÜNE,,,NW,,,25.0,54726.0
629,Sabine Katharina Weiss,CDU,,,NW,,,13.0,77779.0
630,Sabine Poschmann,SPD,Dortmund II,143.0,NW,55695.0,39.068583,6.0,57605.0
631,Sahra Wagenknecht,DIE LINKE,,,NW,,,1.0,61158.0
632,Saliha Aydan Özoğuz,SPD,Hamburg-Wandsbek,22.0,HH,66616.0,38.654721,1.0,74586.0
633,Sanae Abdi,SPD,Köln I,93.0,NW,38985.0,27.885468,40.0,57605.0
634,Sandra Bubendorfer-Licht,FDP,,,BY,,,9.0,53239.0
635,Sandra Detzer,GRÜNE,,,BW,,,5.0,53801.0
636,Sandra Weeser,FDP,,,RP,,,4.0,54490.0
637,Sara Nanni,GRÜNE,,,NW,,,17.0,54726.0
638,Sarah Janina Ryglewski,SPD,Bremen I,54.0,HB,55934.0,30.239335,1.0,51612.0
639,Sarah Lahrkamp,SPD,,,NW,,,24.0,57605.0
640,Sascha Müller,GRÜNE,,,BY,,,6.0,56202.0
641,Saskia Christina Esken,SPD,,,BW,,,1.0,58542.0
642,Saskia Lea Raquel Weishaupt,GRÜNE,,,BY,,,11.0,56202.0
643,Schahina Gambir,GRÜNE,,,NW,,,19.0,54726.0
644,Sebastian Brehm,CSU,Nürnberg-Nord,244.0,BY,41027.0,28.450273,15.0,109219.0
645,Sebastian Fiedler,SPD,Mülheim – Essen I,118.0,NW,50168.0,36.312837,62.0,57605.0
646,Sebastian Hartmann,SPD,,,NW,,,3.0,57605.0
647,Sebastian Jörg Roloff,SPD,,,BY,,,5.0,56718.0
648,Sebastian Münzenmaier,AfD,,,RP,,,1.0,53801.0
649,Sebastian Schäfer,GRÜNE,,,BW,,,17.0,53801.0
650,Sepp Müller,CDU,Dessau – Wittenberg,70.0,ST,39042.0,34.30183,5.0,63072.0
651,Serap Güler,CDU,,,NW,,,8.0,77779.0
652,Sevim Dagdelen,DIE LINKE,,,NW,,,3.0,61158.0
653,Siemtje Victoria Regine Ilse Santjer Möller,SPD,Friesland – Wilhelmshaven – Wittmund,26.0,NI,60392.0,45.415714,6.0,51672.0
654,Silke Launert,CSU,Bayreuth,237.0,BY,54465.0,42.441362,16.0,109219.0
655,Silvia Maria Breher,CDU,Cloppenburg – Vechta,32.0,NI,80134.0,49.105928,30.0,57557.0
656,Simona Koß,SPD,Märkisch-Oderland – Barnim II,59.0,BB,43117.0,24.750156,8.0,45057.0
657,Simone Borchardt,CDU,,,MV,,,3.0,53368.0
658,Sonja Katharina Eichwede,SPD,Brandenburg an der Havel – Potsdam-Mittelmark I – Havelland III – Teltow-Fläming I,60.0,BB,46642.0,32.083038,6.0,45057.0
659,Stefan Gelbhaar,GRÜNE,Berlin-Pankow,76.0,BE,35919.0,26.778445,2.0,61789.0
660,Stefan Heck,CDU,,,HE,,,7.0,53822.0
661,Stefan Kaufmann,CDU,,,BW,,,7.0,147761.0
662,Stefan Keuter,AfD,,,NW,,,12.0,59792.0
663,Stefan Müller,CSU,Erlangen,242.0,BY,54223.0,35.111474,9.0,109219.0
664,Stefan Nacke,CDU,,,NW,,,18.0,77779.0
665,Stefan Rouenhoff,CDU,Kleve,112.0,NW,63701.0,37.589473,36.0,77779.0
666,Stefan Schmidt,GRÜNE,,,BY,,,10.0,56202.0
667,Stefan Schwartze,SPD,Herford – Minden-Lübbecke II,133.0,NW,61554.0,36.461752,11.0,57605.0
668,Stefan Seidler,SSW,,,SH,,,1.0,55578.0
669,Stefan Zierke,SPD,Uckermark – Barnim I,57.0,BB,38247.0,29.614402,3.0,45057.0
670,Steffen Janich,AfD,Sächsische Schweiz-Osterzgebirge,158.0,SN,50203.0,33.019817,6.0,75880.0
671,Steffen Kotré,AfD,,,BB,,,3.0,55482.0
672,Steffen Rudi Bilger,CDU,Ludwigsburg,265.0,BW,50297.0,29.492269,4.0,147761.0
673,Steffi Lemke,GRÜNE,,,ST,,,1.0,78701.0
674,Stephan Günther Brandner,AfD,Gera – Greiz – Altenburger Land,194.0,TH,48034.0,29.000785,1.0,75808.0
675,Stephan Mayer,CSU,Altötting,212.0,BY,55693.0,43.320292,,
676,Stephan Nikolaus Pilsinger,CSU,München-West/Mitte,220.0,BY,53311.0,27.017946,17.0,109219.0
677,Stephan Protschka,AfD,,,BY,,,3.0,48565.0
678,Stephan Seiter,FDP,,,BW,,,11.0,50447.0
679,Stephan Stracke,CSU,Ostallgäu,257.0,BY,76399.0,38.756627,,
680,Stephan Theodor Johannes Albani,CDU,,,NI,,,11.0,57557.0
681,Stephan Thomae,FDP,,,BY,,,6.0,53239.0
682,Stephanie Aeffner,GRÜNE,,,BW,,,15.0,53801.0
683,Susanne Ferschl,DIE LINKE,,,BY,,,3.0,52710.0
684,Susanne Hierl,CSU,Amberg,232.0,BY,69278.0,40.27861,20.0,109219.0
685,Susanne Kathrin Michel,SPD,,,SN,,,2.0,59350.0
686,Susanne Marianne Hennig-Wellsow,DIE LINKE,,,TH,,,1.0,48231.0
687,Susanne Mittag,SPD,Delmenhorst – Wesermarsch – Oldenburg-Land,28.0,NI,59377.0,36.658805,2.0,51672.0
688,Sven Lehmann,GRÜNE,Köln II,94.0,NW,70658.0,34.639161,4.0,54726.0
689,Sven-Christian Kindler,GRÜNE,,,NI,,,2.0,51901.0
690,Svenja Schulze,SPD,,,NW,,,2.0,57605.0
691,Svenja Stadler,SPD,Harburg,36.0,NI,49773.0,31.008703,4.0,51672.0
692,Swantje Henrike Michaelsen,GRÜNE,,,NI,,,11.0,51901.0
693,Sylvia Lehmann,SPD,Dahme-Spreewald – Teltow-Fläming III – Oberspreewald-Lausitz I,62.0,BB,50696.0,26.47131,4.0,45057.0
694,Sönke Rix,SPD,Rendsburg-Eckernförde,4.0,SH,49474.0,30.796141,1.0,61757.0
695,Sören Bartol,SPD,Marburg,171.0,HE,51630.0,36.858036,5.0,53531.0
696,Sören Pellmann,DIE LINKE,Leipzig II,153.0,SN,40938.0,22.811896,2.0,46002.0
697,Tabea Rößner,GRÜNE,,,RP,,,1.0,58627.0
698,Takis Mehmet Ali,SPD,,,BW,,,22.0,58542.0
699,Tanja Machalet,SPD,Montabaur,204.0,RP,50975.0,31.467409,2.0,57128.0
700,Thomas Bareiß,CDU,Zollernalb – Sigmaringen,295.0,BW,41106.0,30.137247,,
701,Thomas Dietz,AfD,Erzgebirgskreis I,164.0,SN,50571.0,31.70695,13.0,75880.0
702,Thomas Gebhart,CDU,,,RP,,,3.0,64059.0
703,Thomas Hacker,FDP,,,BY,,,13.0,53239.0
704,Thomas Heilmann,CDU,Berlin-Steglitz-Zehlendorf,79.0,BE,48530.0,28.624176,4.0,72285.0
705,Thomas Hitschler,SPD,Südpfalz,211.0,RP,47901.0,28.238186,1.0,57128.0
706,Thomas Jarzombek,CDU,Düsseldorf I,106.0,NW,54158.0,31.134592,12.0,77779.0
707,Thomas Ludwig Walter Ehrhorn,AfD,,,NI,,,3.0,56072.0
708,Thomas Lutze,DIE LINKE,,,SL,,,1.0,41130.0
709,Thomas Maximilian Erndl,CSU,Deggendorf,227.0,BY,47267.0,37.364627,,
710,Thomas Michael Konrad Seitz,AfD,,,BW,,,9.0,51940.0
711,Thomas Michael Sattelberger,FDP,,,BY,,,5.0,53239.0
712,Thomas Röwekamp,CDU,,,HB,,,1.0,56499.0
713,Thomas Silberhorn,CSU,Bamberg,236.0,BY,54726.0,37.028316,,
714,Thomas Walther Rachel,CDU,Düren,90.0,NW,55719.0,36.672195,9.0,77779.0
715,Thorsten Frei,CDU,Schwarzwald-Baar,286.0,BW,44188.0,36.371119,,
716,Thorsten Rudolph,SPD,,,RP,,,3.0,57128.0
717,Thorsten Willibald Lieb,FDP,,,HE,,,2.0,60232.0
718,Till Benjamin Steffen,GRÜNE,Hamburg-Eimsbüttel,20.0,HH,47734.0,29.82648,2.0,62633.0
719,Till Berthold Mansmann,FDP,,,HE,,,3.0,60232.0
720,Tilman Moritz Kuban,CDU,,,NI,,,7.0,57557.0
721,Tim Klüssendorf,SPD,Lübeck,11.0,SH,44315.0,34.12127,5.0,61757.0
722,Tim Wagner,FDP,,,TH,,,3.0,38094.0
723,Timo Schisanowski,SPD,Hagen – Ennepe-Ruhr-Kreis I,138.0,NW,47581.0,33.250175,51.0,57605.0
724,Timon Gremmels,SPD,Kassel,168.0,HE,57919.0,36.065033,25.0,53531.0
725,Tina Rudolph,SPD,,,TH,,,4.0,59289.0
726,Tina Winklmann,GRÜNE,,,BY,,,17.0,56202.0
727,Tino Chrupalla,AfD,Görlitz,157.0,SN,53970.0,35.783667,1.0,75880.0
728,Tino Sorge,CDU,,,ST,,,3.0,63072.0
729,Tobias Björn Bacherle,GRÜNE,,,BW,,,13.0,53801.0
730,Tobias Lindner,GRÜNE,,,RP,,,2.0,58627.0
731,Tobias Matthias Peterka,AfD,,,BY,,,10.0,48565.0
732,Tobias Winkler,CSU,Fürth,243.0,BY,65876.0,33.524511,35.0,109219.0
733,Torsten Herbst,FDP,,,SN,,,1.0,54233.0
734,Udo Schiefner,SPD,,,NW,,,7.0,57605.0
735,Ulrich Lange,CSU,Donau-Ries,254.0,BY,64045.0,41.074498,,
736,Ulrich Lechte,FDP,,,BY,,,8.0,53239.0
737,Ulrich Peter Grötsch,SPD,,,BY,,,1.0,56718.0
738,Ulrike Harzer,FDP,,,SN,,,4.0,54233.0
739,Ulrike Renate Martina Bahr,SPD,,,BY,,,16.0,56718.0
740,Ulrike Schielke-Ziesing,AfD,,,MV,,,3.0,55114.0
741,Ursula Schauws,GRÜNE,,,NW,,,9.0,54726.0
742,Uwe Schmidt,SPD,Bremen II – Bremerhaven,55.0,HB,52498.0,36.948046,2.0,51612.0
743,Uwe Schulz,AfD,,,HE,,,3.0,58196.0
744,Uwe Witt,AfD,,,SH,,,1.0,59783.0
745,Uwe Wolfgang Werner Feiler,CDU,,,BB,,,2.0,58473.0
746,Valentin Christian Abel,FDP,,,BW,,,12.0,50447.0
747,Verena Ute Hubertz,SPD,Trier,203.0,RP,47942.0,32.965008,6.0,57128.0
748,Victor Angelo Perli,DIE LINKE,,,NI,,,2.0,49552.0
749,Volker Mayer-Lay,CDU,Bodensee,293.0,BW,41624.0,30.436913,,
750,Volker Michael Ullrich,CSU,Augsburg-Stadt,252.0,BY,42780.0,28.087269,19.0,109219.0
751,Volker Münz,AfD,,,BW,,,11.0,51940.0
752,Volker Redder,FDP,,,HB,,,1.0,30481.0
753,Volker Wissing,FDP,,,RP,,,1.0,54490.0
754,Volkmar Klein,CDU,Siegen-Wittgenstein,148.0,NW,54042.0,33.602776,24.0,77779.0
755,Wiebke Esdar,SPD,Bielefeld – Gütersloh II,132.0,NW,55234.0,30.040682,16.0,57605.0
756,Wiebke Papenbrock,SPD,Prignitz – Ostprignitz-Ruppin – Havelland I,56.0,BB,39853.0,32.980792,12.0,45057.0
757,Wilfried Oellers,CDU,Heinsberg,89.0,NW,57095.0,39.726828,47.0,77779.0
758,Wolfgang Dieter Stefinger,CSU,München-Ost,218.0,BY,61159.0,31.680065,,
759,Wolfgang Hellmich,SPD,,,NW,,,21.0,57605.0
760,Wolfgang Kubicki,FDP,,,SH,,,1.0,55010.0
761,Wolfgang Schäuble,CDU,Offenburg,284.0,BW,54148.0,34.899744,1.0,147761.0
762,Wolfgang Strengmann-Kuhn,GRÜNE,,,HE,,,4.0,57935.0
763,Wolfgang Wiehle,AfD,,,BY,,,7.0,48565.0
764,Wolfgang-Hubertus Heil,SPD,Gifhorn – Peine,45.0,NI,72113.0,43.698492,1.0,51672.0
765,Yannick Bury,CDU,Emmendingen – Lahr,283.0,BW,46406.0,27.845549,,
766,Yasmin Fahimi,SPD,Stadt Hannover II,42.0,NI,46929.0,32.926162,8.0,51672.0
767,Ye-One Rhie,SPD,,,NW,,,30.0,57605.0
768,Yvonne Magwas,CDU,Vogtlandkreis,166.0,SN,37637.0,27.725026,4.0,70480.0
769,Zaklin Jadwiga Nastić,DIE LINKE,,,HH,,,1.0,67578.0
770,Zanda Martens,SPD,,,NW,,,28.0,57605.0
771,Zoe Mayer,GRÜNE,Karlsruhe-Stadt,271.0,BW,47473.0,30.000442,12.0,53801.0
